<?xml version="1.0" encoding="UTF-8"?>
<root>
  <item name="android.net.ipsec.ike.ike3gpp.Ike3gppBackoffTimer int getDataType()">
    <annotation name="androidx.annotation.IntDef">
      <val name="value" val="{android.net.ipsec.ike.ike3gpp.Ike3gppData.DATA_TYPE_NOTIFY_N1_MODE_INFORMATION, android.net.ipsec.ike.ike3gpp.Ike3gppData.DATA_TYPE_NOTIFY_BACKOFF_TIMER}" />
    </annotation>
  </item>
  <item name="android.net.ipsec.ike.ike3gpp.Ike3gppData int getDataType()">
    <annotation name="androidx.annotation.IntDef">
      <val name="value" val="{android.net.ipsec.ike.ike3gpp.Ike3gppData.DATA_TYPE_NOTIFY_N1_MODE_INFORMATION, android.net.ipsec.ike.ike3gpp.Ike3gppData.DATA_TYPE_NOTIFY_BACKOFF_TIMER}" />
    </annotation>
  </item>
  <item name="android.net.ipsec.ike.ike3gpp.Ike3gppN1ModeInformation int getDataType()">
    <annotation name="androidx.annotation.IntDef">
      <val name="value" val="{android.net.ipsec.ike.ike3gpp.Ike3gppData.DATA_TYPE_NOTIFY_N1_MODE_INFORMATION, android.net.ipsec.ike.ike3gpp.Ike3gppData.DATA_TYPE_NOTIFY_BACKOFF_TIMER}" />
    </annotation>
  </item>
</root>

